id,train_number,carrier_id,type_id,final_station_id,days_mask,valid_from,valid_to
2025-11-09_48221-0,48220 Pielgrzymka 7,3,6,273,64,2025-12-14,2026-12-12
2025-10-18_5300-1,5300,3,9,80416,127,2025-12-14,2026-12-12
2025-10-18_5302-3,5302,3,9,80416,127,2025-12-14,2026-12-12
2025-10-18_5304-5,5304,3,9,80416,127,2025-12-14,2026-12-12
2025-10-18_5306-7,5307,3,8,80416,127,2025-12-14,2026-12-12
2025-10-18_5310-1,5310,3,9,80416,127,2025-12-14,2026-12-12
2025-10-18_5350-1,5350,3,9,80416,127,2025-12-14,2026-12-12
2025-10-18_43006-7,102 Danubius,3,7,80416,127,2025-12-14,2026-12-12
2025-10-18_13102-3,13102 Marszałek Piłsudski,3,6,80416,127,2025-12-14,2026-12-12
2025-10-18_1320-1,1320 Karłowicz,3,7,80416,127,2025-12-14,2026-12-12
2025-10-18_1322-3,1322 Kinga,3,7,80416,127,2025-12-14,2026-12-12
2025-10-18_1329-8,1328 Reymont,3,7,80416,127,2025-12-14,2026-12-12
2025-10-18_13000-1,143 Hańcza,3,7,80416,127,2025-12-14,2026-12-12
2025-10-18_43004-5,213 Comenius,3,6,80416,127,2025-12-14,2026-12-12
2025-10-18_23100-1,23100 Jagiełło,3,7,80416,127,2025-12-14,2026-12-12
2025-10-18_23102-3,23102 Morcinek,3,7,80416,127,2025-12-14,2026-12-12
2025-10-18_23104-5,23104 Sztygar,3,7,80416,127,2025-12-14,2026-12-12
2025-10-18_23106-7,23106 Jadwiga,3,7,80416,127,2025-12-14,2026-12-12
2025-10-18_23109-8,23108 Smok Wawelski,3,7,80416,127,2025-12-14,2026-12-12
2025-10-18_23110-1,23110 Kasztelan,3,7,80416,127,2025-12-14,2026-12-12
2025-10-18_23112-3,23112 Hetman,3,7,80416,127,2025-12-14,2026-12-12
2025-10-18_30108,30108 Przemyślanin,3,6,80416,127,2025-12-14,2026-12-12
2025-10-18_33100-1,33100 Malinowski,3,7,80416,127,2025-12-14,2026-12-12
2025-10-18_33104-5,33104 Małopolska,3,6,80416,127,2025-12-14,2026-12-12
2025-10-18_33110-1,33110 Wetlina,3,7,80416,127,2025-12-14,2026-12-12
2025-10-18_33112-3,33112 Bieszczady,3,7,80416,127,2025-12-14,2026-12-12
2025-10-18_33166,33166 Gierymski,3,7,80416,127,2025-12-14,2026-12-12
2025-10-18_33170,33170 Karpaty,3,6,80416,127,2025-12-14,2026-12-12
2025-10-19_3350,3350 Pogórze,3,7,80416,127,2025-12-14,2026-12-12
2025-10-18_4300-1,4300 Żylica,3,7,80416,127,2025-12-14,2026-12-12
2025-10-18_4302-3,4302 Dębowiec,3,7,80416,127,2025-12-14,2026-12-12
2025-10-18_4304-5,4304 Baltazar,3,7,80416,127,2025-12-14,2026-12-12
2025-10-18_4306-7,4306 Błatnia,3,7,80416,127,2025-12-14,2026-12-12
2025-10-18_5320-1,5320 Warmia,3,7,80416,127,2025-12-14,2026-12-12
2025-10-18_5324-5,5324 Żeromski,3,7,80416,127,2025-12-14,2026-12-12
2025-10-18_5326-7,5326 Sienkiewicz,3,7,80416,127,2025-12-14,2026-12-12
2025-10-18_5328-9,5328 Kolberg,3,7,80416,127,2025-12-14,2026-12-12
2025-10-18_5330-1,5330 Kormoran,3,7,80416,127,2025-12-14,2026-12-12
2025-10-18_5332-3,5332 Orłowicz,3,7,80416,127,2025-12-14,2026-12-12
2025-10-18_5334-5,5334 Kazimierz,3,7,80416,127,2025-12-14,2026-12-12
2025-10-18_73004-5,55 Odra,3,7,80416,127,2025-12-14,2026-12-12
2025-10-18_63102-3,63102 Sudety,3,7,80416,127,2025-12-14,2026-12-12
2025-10-18_63106-7,63106 Szczeliniec,3,7,80416,127,2025-12-14,2026-12-12
2025-10-18_7322-3,7322 Pułaski,3,7,80416,127,2025-12-14,2026-12-12
2025-10-18_7324-5,7324 Wybicki,3,7,80416,127,2025-12-14,2026-12-12
2025-10-18_8302-3,8302 Chełmoński,3,7,80416,127,2025-12-14,2026-12-12
2025-10-18_8304-5,8304 Malczewski,3,7,80416,127,2025-12-14,2026-12-12
2025-10-18_83110-1,83110 Kossak,3,6,80416,127,2025-12-14,2026-12-12
2025-10-18_8315-4,8314 Matejko,3,7,80416,127,2025-12-14,2026-12-12
2025-10-18_5102-3,5102,3,9,33506,127,2025-12-14,2026-12-12
2025-10-18_5104-5,5104,3,9,33506,127,2025-12-14,2026-12-12
2025-10-20_5106-7,5106,3,8,33506,127,2025-12-14,2026-12-12
2025-10-18_5308-9,5308,3,9,82669,127,2025-12-14,2026-12-12
2025-10-18_5400-1,5400,3,9,69708,127,2025-12-14,2026-12-12
2025-10-18_5402-3,5402,3,9,76109,127,2025-12-14,2026-12-12
2025-10-18_5404-5,5404,3,9,69708,127,2025-12-14,2026-12-12
2025-10-18_5406-7,5406,3,9,76109,127,2025-12-14,2026-12-12
2025-10-18_6104-5,6104,3,9,38653,127,2025-12-14,2026-12-12
2025-10-18_8103-2,8102,3,9,38653,127,2025-12-14,2026-12-12
2025-10-18_1001-0,1000 Narew,3,7,24000,127,2025-12-14,2026-12-12
2025-10-18_1003-2,1002 Esperanto,3,7,24000,127,2025-12-14,2026-12-12
2025-10-18_1007-6,1006 Prząśniczka,3,7,24000,127,2025-12-14,2026-12-12
2025-10-18_40001,101 Moravia,3,7,67900,127,2025-12-14,2026-12-12
2025-10-18_10100-1,10100 Żubr,3,7,24000,127,2025-12-14,2026-12-12
2025-10-18_10102-3,10102 Starzyński,3,7,40998,127,2025-12-14,2026-12-12
2025-10-18_10110-1,10110 Żubr,3,7,38653,127,2025-12-14,2026-12-12
2025-10-19_10150-1,10150 Kraszewski,3,7,40998,127,2025-12-14,2026-12-12
2025-10-18_10152-3,10152 Zamenhof,3,7,24000,127,2025-12-14,2026-12-12
2025-10-18_1020-1,1020 Podlasie,3,7,40998,127,2025-12-14,2026-12-12
2025-10-18_1022-3,1022 Radziwiłł,3,7,40998,127,2025-12-14,2026-12-12
2025-10-26_1023-2,1023 Radziwiłł,3,7,40998,127,2025-12-14,2026-12-12
2025-10-18_1024-5,1024 Niemcewicz,3,7,40998,127,2025-12-14,2026-12-12
2025-10-18_1027,1026 Skaryna,3,7,40998,127,2025-12-14,2026-12-12
2025-10-18_34006-7,103 Danubius,3,7,179221,127,2025-12-14,2026-12-12
2025-10-18_41002-3,104 Polonia,3,7,38653,127,2025-12-14,2026-12-12
2025-10-18_14002-3,105 Polonia,3,7,67900,127,2025-12-14,2026-12-12
2025-10-18_43002-3,106 Porta Moravica,3,7,84400,127,2025-12-14,2026-12-12
2025-10-18_34002-3,107 Porta Moravica,3,7,67900,127,2025-12-14,2026-12-12
2025-10-18_41012-3,108 Sobieski,3,7,38653,127,2025-12-14,2026-12-12
2025-10-18_14012-3,109 Sobieski,3,7,67900,127,2025-12-14,2026-12-12
2025-10-18_14008-9,110 Silesia,3,7,67900,127,2025-12-14,2026-12-12
2025-10-18_1100-1,1100 Narew,3,7,46458,127,2025-12-14,2026-12-12
2025-10-18_1102-3,1102 Esperanto,3,7,46458,127,2025-12-14,2026-12-12
2025-10-18_1106-7,1106 Prząśniczka,3,7,46458,127,2025-12-14,2026-12-12
2025-10-18_41008-9,111 Silesia,3,7,38653,127,2025-12-14,2026-12-12
2025-10-18_11102-3,11102 Starzyński,3,7,33506,127,2025-12-14,2026-12-12
2025-10-19_11150-1,11150 Kraszewski,3,7,33506,127,2025-12-14,2026-12-12
2025-10-18_11152-3,11152 Zamenhof,3,7,33506,127,2025-12-14,2026-12-12
2025-10-18_14006-7,112 Silesia,3,7,67900,127,2025-12-14,2026-12-12
2025-10-18_1120-1,1120 Podlasie,3,7,38653,127,2025-12-14,2026-12-12
2025-10-18_1122-3,1122 Radziwiłł,3,7,33506,127,2025-12-14,2026-12-12
2025-10-18_1124-5,1124 Niemcewicz,3,7,33506,127,2025-12-14,2026-12-12
2025-10-18_1126-7,1126 Skaryna,3,7,33506,127,2025-12-14,2026-12-12
2025-10-18_41006-7,113 Silesia,3,7,38653,127,2025-12-14,2026-12-12
2025-10-18_34008-9,114 Cracovia,3,7,179221,127,2025-12-14,2026-12-12
2025-10-18_43008-9,115 Cracovia,3,7,84400,127,2025-12-14,2026-12-12
2025-10-18_14000-1,116 Silesia,3,7,67900,127,2025-12-14,2026-12-12
2025-10-18_41000-1,117 Silesia,3,7,38653,127,2025-12-14,2026-12-12
2025-10-18_12010-1,12010 Kyiv Express,3,7,179193,127,2025-12-14,2026-12-12
2025-10-18_12100-1,12100 Chełmianin,3,7,50906,127,2025-12-14,2026-12-12
2025-10-18_12102-3,12102 Inka,3,7,50500,127,2025-12-14,2026-12-12
2025-10-18_12104-5,12104 Czechowicz,3,7,50500,127,2025-12-14,2026-12-12
2025-10-18_1220-1,1220 Bystrzyca,3,7,50500,127,2025-12-14,2026-12-12
2025-10-18_41004-5,130 Batory,3,7,38653,127,2025-12-14,2026-12-12
2025-10-18_14004-5,131 Batory,3,7,179221,127,2025-12-14,2026-12-12
2025-10-18_13100-1,13100 Malinowski,3,7,79020,127,2025-12-14,2026-12-12
2025-10-18_13104-5,13104 Witos,3,7,84400,127,2025-12-14,2026-12-12
2025-10-18_31000-1,144 Hańcza,3,7,179200,127,2025-12-14,2026-12-12
2025-10-18_1508-9,1508 Brda,3,7,18408,127,2025-12-14,2026-12-12
2025-10-18_15101-0,15100 Lazur,3,7,5900,127,2025-12-14,2026-12-12
2025-10-18_15103-2,15102 Słowiniec,3,7,5900,127,2025-12-14,2026-12-12
2025-10-18_15104-5,15104 Żeglarz,3,6,5900,127,2025-12-14,2026-12-12
2025-10-18_15106-7,15106 Wybrzeże,3,7,5900,127,2025-12-14,2026-12-12
2025-10-18_15108-9,15108 Katamaran,3,6,5900,127,2025-12-14,2026-12-12
2025-10-18_15110-1,15110 Biebrza,3,6,5900,127,2025-12-14,2026-12-12
2025-10-18_15113,15113 Hańcza,3,7,12609,127,2025-12-14,2026-12-12
2025-10-18_1520-1,1520 Warmia,3,7,9209,127,2025-12-14,2026-12-12
2025-10-18_16152-3,16152 Orzeszkowa,3,7,56184,127,2025-12-14,2026-12-12
2025-10-18_16190-1,16190 Karkonosze,3,7,56184,127,2025-12-14,2026-12-12
2025-10-18_1620-1,1620 Asnyk,3,7,60103,127,2025-12-14,2026-12-12
2025-10-18_1622-3,1622 Baczyński,3,7,60103,127,2025-12-14,2026-12-12
2025-10-18_1624-5,1624 Krasiński,3,7,60103,127,2025-12-14,2026-12-12
2025-10-18_1626-7,1626 Leśmian,3,7,60103,127,2025-12-14,2026-12-12
2025-10-18_1628-9,1628 Mickiewicz,3,7,60103,127,2025-12-14,2026-12-12
2025-10-18_1630-1,1630 Fredro,3,7,60103,127,2025-12-14,2026-12-12
2025-10-18_1632-3,1632 Łużyce,3,7,51847,127,2025-12-14,2026-12-12
2025-10-18_1634-5,1634 Oleńka,3,7,60103,127,2025-12-14,2026-12-12
2025-11-08_1635,1635 Oleńka,3,7,60103,127,2025-12-14,2026-12-12
2025-10-19_1702-3,1702 Strzelecki,3,7,27805,127,2025-12-14,2026-12-12
2025-10-18_17100-1,17100 Lubuszanin,3,7,27805,127,2025-12-14,2026-12-12
2025-10-18_17102-3,17102 Zielonogórzanin,3,7,27805,127,2025-12-14,2026-12-12
2025-10-18_1802-3,1802 Chrobry,3,8,273,127,2025-12-14,2026-12-12
2025-10-18_1804-5,1804 Bolesław Prus,3,8,273,127,2025-12-14,2026-12-12
2025-10-18_1806-7,1806 Gałczyński,3,7,273,127,2025-12-14,2026-12-12
2025-10-18_1808-9,1808 Podlasiak,3,7,273,127,2025-12-14,2026-12-12
2025-10-18_1810-1,1810 Mewa,3,7,273,127,2025-12-14,2026-12-12
2025-10-18_18100-1,18100 Staszic,3,7,4101,127,2025-12-14,2026-12-12
2025-10-18_18105-4_0,18104 Rybak,3,7,273,127,2025-12-14,2026-12-12
2025-10-18_18115-4_0,18114 Pobrzeże,3,7,4101,127,2025-12-14,2026-12-12
2025-10-24_18151-0,18150 Słupia,3,7,5900,127,2025-12-14,2026-12-12
2025-10-18_18170-1,18170 Uznam,3,7,1008,127,2025-12-14,2026-12-12
2025-10-18_1821-0,1820 Włókniarz,3,7,273,127,2025-12-14,2026-12-12
2025-10-19_1900-1,1900 Tuwim,3,7,46458,127,2025-12-14,2026-12-12
2025-10-18_1902-3,1902 Jagna,3,7,46458,127,2025-12-14,2026-12-12
2025-10-20_1904-5,1904 Telimena,3,7,46458,127,2025-12-14,2026-12-12
2025-10-18_19130-1,19130 Zosia,3,7,46458,127,2025-12-14,2026-12-12
2025-10-20_19132-3,19132 Korczak,3,7,46458,127,2025-12-14,2026-12-12
2025-10-18_20101,20101 Górski,3,7,66134,127,2025-12-14,2026-12-12
2025-10-18_46000-1,202 Danubius,3,7,60103,127,2025-12-14,2026-12-12
2025-10-18_64000-1,203 Danubius,3,7,67900,127,2025-12-14,2026-12-12
2025-10-18_21010-1,21010 Kyiv Express,3,7,38653,127,2025-12-14,2026-12-12
2025-10-18_21100-1,21100 Chełmianin,3,7,33506,127,2025-12-14,2026-12-12
2025-10-18_21103-2,21102 Inka,3,7,38653,127,2025-12-14,2026-12-12
2025-10-18_21105-4,21104 Czechowicz,3,7,38653,127,2025-12-14,2026-12-12
2025-10-18_34004-5,212 Comenius,3,6,179221,127,2025-12-14,2026-12-12
2025-10-18_2120-1,2120 Bystrzyca,3,7,33506,127,2025-12-14,2026-12-12
2025-10-18_22100,22100 Górski,3,7,50500,127,2025-12-14,2026-12-12
2025-10-18_57000-1,230 Gedania,3,7,25809,127,2025-12-14,2026-12-12
2025-10-18_75000-1,231 Gedania,3,7,5900,127,2025-12-14,2026-12-12
2025-10-18_26100-1,26100 Bolko,3,7,60103,127,2025-12-14,2026-12-12
2025-10-18_26102-3,26102 Łempicka,3,7,60103,127,2025-12-14,2026-12-12
2025-10-18_26104-5,26104 Stryjeńska,3,7,60103,127,2025-12-14,2026-12-12
2025-10-18_65002-3,262 Baltic Express,3,7,5900,127,2025-12-14,2026-12-12
2025-10-18_2621,2621 Łysica,3,7,60103,127,2025-12-14,2026-12-12
2025-10-18_56002-3,263 Baltic Express,3,7,179228,127,2025-12-14,2026-12-12
2025-10-18_65004-5,264 Baltic Express,3,7,5900,127,2025-12-14,2026-12-12
2025-10-18_56004-5,265 Baltic Express,3,7,179228,127,2025-12-14,2026-12-12
2025-10-18_2702-3,2702 Strzelecki,3,7,27805,127,2025-12-14,2026-12-12
2025-10-18_27100-1,27100 Warta,3,7,30601,127,2025-12-14,2026-12-12
2025-10-18_2720-1,2720 Koziołek,3,7,30601,127,2025-12-14,2026-12-12
2025-10-18_30100-1,30100 Malinowski,3,7,82487,127,2025-12-14,2026-12-12
2025-10-18_30104-5,30104 Małopolska,3,6,82487,127,2025-12-14,2026-12-12
2025-10-18_30107,30107 Przemyślanin,3,6,79020,127,2025-12-14,2026-12-12
2025-10-18_30110-1,30110 Wetlina,3,7,83758,127,2025-12-14,2026-12-12
2025-10-18_30112-3,30112 Bieszczady,3,7,83758,127,2025-12-14,2026-12-12
2025-10-18_30167,30166 Gierymski,3,7,84400,127,2025-12-14,2026-12-12
2025-10-18_30170-1,30170 Karpaty,3,6,82487,127,2025-12-14,2026-12-12
2025-10-18_31100-1,31100 Malinowski,3,7,38653,127,2025-12-14,2026-12-12
2025-10-18_31102-3,31102 Marszałek Piłsudski,3,6,38653,127,2025-12-14,2026-12-12
2025-10-18_32109-8,32108 Smok Wawelski,3,7,50500,127,2025-12-14,2026-12-12
2025-10-18_32110-1,32110 Kasztelan,3,7,66134,127,2025-12-14,2026-12-12
2025-10-18_32113-2,32112 Hetman,3,7,66134,127,2025-12-14,2026-12-12
2025-10-18_3400-1,3400 Żylica,3,7,76109,127,2025-12-14,2026-12-12
2025-10-18_3402-3,3402 Dębowiec,3,7,76109,127,2025-12-14,2026-12-12
2025-10-18_3404-5,3404 Baltazar,3,7,76109,127,2025-12-14,2026-12-12
2025-10-18_3406-7,3406 Błatnia,3,7,76109,127,2025-12-14,2026-12-12
2025-10-18_34100-1,34100 Łukasiewicz,3,7,69708,127,2025-12-14,2026-12-12
2025-10-18_35104-5,35104 Małopolska,3,6,5900,127,2025-12-14,2026-12-12
2025-10-18_35170-1,35170 Karpaty,3,6,5900,127,2025-12-14,2026-12-12
2025-10-26_35174-5,35174 Karpaty,3,6,5900,127,2025-12-14,2026-12-12
2025-10-18_3524-5,3524 Żeromski,3,7,9209,127,2025-12-14,2026-12-12
2025-10-18_3526-7,3526 Sienkiewicz,3,7,9209,127,2025-12-14,2026-12-12
2025-10-18_3528-9,3528 Kolberg,3,7,9209,127,2025-12-14,2026-12-12
2025-10-18_3530-1,3530 Kormoran,3,7,9209,127,2025-12-14,2026-12-12
2025-10-18_3532-3,3532 Orłowicz,3,7,9209,127,2025-12-14,2026-12-12
2025-10-18_3534-5,3534 Kazimierz,3,7,18408,127,2025-12-14,2026-12-12
2025-10-19_3540-1,3540 Morskie Oko,3,8,5900,127,2025-12-14,2026-12-12
2025-10-18_3552-3,3552 Kinga,3,7,9209,127,2025-12-14,2026-12-12
2025-10-18_3560-1,3560 Witkacy,3,7,5900,127,2025-12-14,2026-12-12
2025-10-18_3600-1,3600 Wyspiański,3,7,60103,127,2025-12-14,2026-12-12
2025-10-18_36100-1,36101 Siemiradzki,3,7,60103,127,2025-12-14,2026-12-12
2025-10-18_36102-3,36102 Sudety,3,7,55806,127,2025-12-14,2026-12-12
2025-10-18_36106-7,36106 Szczeliniec,3,7,55806,127,2025-12-14,2026-12-12
2025-10-18_36172-3,36172 Rozewie,3,7,60103,127,2025-12-14,2026-12-12
2025-10-18_37150-1,37150 Halny,3,7,30601,127,2025-12-14,2026-12-12
2025-10-18_3720-1,3720 Cegielski,3,7,30601,127,2025-12-14,2026-12-12
2025-10-18_3722-3,3722 Pułaski,3,7,30601,127,2025-12-14,2026-12-12
2025-10-18_3724-5,3724 Wybicki,3,7,30601,127,2025-12-14,2026-12-12
2025-10-18_3802-3,3802 Chełmoński,3,7,1008,127,2025-12-14,2026-12-12
2025-10-18_3804-5,3804 Malczewski,3,7,4101,127,2025-12-14,2026-12-12
2025-10-18_3806-7,3806 Zefir,3,7,4952,127,2025-12-14,2026-12-12
2025-10-19_3808-9,3808 Wyczółkowski,3,7,273,127,2025-12-14,2026-12-12
2025-10-18_38101-0,38100 Górski,3,7,1008,127,2025-12-14,2026-12-12
2025-10-18_38103-2,38102 Zamoyski,3,7,4101,127,2025-12-14,2026-12-12
2025-10-18_38105-4,38104 Noteć,3,7,14407,127,2025-12-14,2026-12-12
2025-10-18_38106-7,38107 Osterwa,3,6,273,127,2025-12-14,2026-12-12
2025-10-18_38108-9_0,38108 Lubomirski,3,6,4101,127,2025-12-14,2026-12-12
2025-10-18_38110-1,38110 Kossak,3,6,4101,127,2025-12-14,2026-12-12
2025-10-18_3812-3,3812 Szkuner,3,7,4952,127,2025-12-14,2026-12-12
2025-10-18_3814-5,3814 Matejko,3,7,273,127,2025-12-14,2026-12-12
2025-10-19_38154-5,38154 Ślązak,3,7,273,127,2025-12-14,2026-12-12
2025-10-18_38170-1_0,38170 Ustronie,3,7,4101,127,2025-12-14,2026-12-12
2025-10-18_38172-3,38172 Przemyślanin,3,7,1008,127,2025-12-14,2026-12-12
2025-10-18_3820-1,3820 Barbakan,3,7,273,127,2025-12-14,2026-12-12
2025-10-18_3822-3,3822 Sukiennice,3,7,273,127,2025-12-14,2026-12-12
2025-10-18_3858-9,3858 Wyczółkowski,3,7,1008,127,2025-12-14,2026-12-12
2025-10-19_17010-1,40 Berlin-Warszawa-Express,3,8,25809,127,2025-12-14,2026-12-12
2025-10-18_41010-1,406 Chopin,3,7,38653,127,2025-12-14,2026-12-12
2025-10-18_14010-1,407 Chopin,3,7,179221,127,2025-12-14,2026-12-12
2025-10-18_71010-1,41 Berlin-Warszawa-Express,3,8,38653,127,2025-12-14,2026-12-12
2025-10-20_4110-1,4110 Ondraszek,3,8,38653,127,2025-12-14,2026-12-12
2025-10-18_41100-1,41100 Górnik,3,7,38653,127,2025-12-14,2026-12-12
2025-10-18_4120-1,4120 Daszyński,3,7,24000,127,2025-12-14,2026-12-12
2025-10-18_4122-3,4122 Korfanty,3,7,33605,127,2025-12-14,2026-12-12
2025-10-18_4125-4,4124 Chemik,3,7,32607,127,2025-12-14,2026-12-12
2025-10-18_17008-9,44 Berlin-Warszawa-Express,3,8,25809,127,2025-12-14,2026-12-12
2025-10-18_71008-9,45 Berlin-Warszawa-Express,3,8,38653,127,2025-12-14,2026-12-12
2025-10-18_45100-1,45100 Heweliusz,3,7,5900,127,2025-12-14,2026-12-12
2025-10-18_45103-2,45102 Flisak,3,6,5900,127,2025-12-14,2026-12-12
2025-10-18_45104-5,45104 Artus,3,7,5900,127,2025-12-14,2026-12-12
2025-10-18_4520-1,4520 Hutnik,3,7,5900,127,2025-12-14,2026-12-12
2025-10-18_4523-2,4522 Doker,3,7,5900,127,2025-12-14,2026-12-12
2025-10-18_4524-5,4524 Skarbek,3,7,9209,127,2025-12-14,2026-12-12
2025-10-18_4550-1,4550 Wysocki,3,8,5900,127,2025-12-14,2026-12-12
2025-10-18_17006-7,46 Berlin-Warszawa-Express,3,8,25809,127,2025-12-14,2026-12-12
2025-10-18_65006-7,460 Baltic Express,3,7,5900,127,2025-12-14,2026-12-12
2025-10-18_56006-7,461 Baltic Express,3,7,179228,127,2025-12-14,2026-12-12
2025-10-18_71006-7,47 Berlin-Warszawa-Express,3,8,38653,127,2025-12-14,2026-12-12
2025-10-18_47101,47101 Spodek,3,6,30601,127,2025-12-14,2026-12-12
2025-10-18_17004-5,48 Berlin-Warszawa-Express,3,8,25809,127,2025-12-14,2026-12-12
2025-10-18_48101-0,48100 Gwarek,3,7,4952,127,2025-12-14,2026-12-12
2025-10-18_71004-5,49 Berlin-Warszawa-Express,3,8,38653,127,2025-12-14,2026-12-12
2025-10-18_5108-9,5108 Brda,3,7,33605,127,2025-12-14,2026-12-12
2025-10-18_51100-1,51100 Lazur,3,7,46458,127,2025-12-14,2026-12-12
2025-10-18_51102-3,51102 Słowiniec,3,7,46458,127,2025-12-14,2026-12-12
2025-10-18_51104-5,51104 Żeglarz,3,6,46458,127,2025-12-14,2026-12-12
2025-10-18_51106-7,51106 Wybrzeże,3,7,46458,127,2025-12-14,2026-12-12
2025-10-18_51108-9,51108 Katamaran,3,6,46458,127,2025-12-14,2026-12-12
2025-10-18_51110-1,51110 Biebrza,3,6,38653,127,2025-12-14,2026-12-12
2025-10-18_51112,51112 Hańcza,3,7,24000,127,2025-12-14,2026-12-12
2025-10-18_5122-3,5122 Mazury,3,7,46458,127,2025-12-14,2026-12-12
2025-10-18_5124-5,5124 Moniuszko,3,7,38653,127,2025-12-14,2026-12-12
2025-10-18_5128-9,5128 Kociewie,3,7,46458,127,2025-12-14,2026-12-12
2025-10-18_52100-1,52100 Kujawiak,3,7,50906,127,2025-12-14,2026-12-12
2025-10-19_52102-3,52102 Inka,3,7,50500,127,2025-12-14,2026-12-12
2025-10-18_5220-1,5220 Kopernik,3,7,50500,127,2025-12-14,2026-12-12
2025-10-18_5222-3,5222 Rejewski,3,7,50500,127,2025-12-14,2026-12-12
2025-10-18_5224-5,5224 Kochanowski,3,7,50500,127,2025-12-14,2026-12-12
2025-10-18_53104-5,53104 Małopolska,3,6,79020,127,2025-12-14,2026-12-12
2025-10-26_53170-1,53170 Karpaty,3,6,79020,127,2025-12-14,2026-12-12
2025-10-18_5600-1,5600 Lednica,3,7,60103,127,2025-12-14,2026-12-12
2025-10-18_5602-3,5602 Mamry,3,7,60103,127,2025-12-14,2026-12-12
2025-10-18_5604-5,5604 Mieszko,3,7,60103,127,2025-12-14,2026-12-12
2025-10-18_56100-1,56100 Pomorzanin,3,7,55806,127,2025-12-14,2026-12-12
2025-10-18_56102-3,56102 Niegocin,3,7,60103,127,2025-12-14,2026-12-12
2025-10-18_5620-1,5620 Słowacki,3,7,60103,127,2025-12-14,2026-12-12
2025-10-18_73002-3,57 Wawel,3,7,84400,127,2025-12-14,2026-12-12
2025-10-18_5700-1,5700 Bałtyk,3,7,30601,127,2025-12-14,2026-12-12
2025-10-18_5710-1,5710 Pojezierze,3,7,30601,127,2025-12-14,2026-12-12
2025-10-18_57100-1,57100 Jeziorak,3,7,30601,127,2025-12-14,2026-12-12
2025-10-18_57102-3,57102 Ukiel,3,7,30601,127,2025-12-14,2026-12-12
2025-10-18_57104-5,57104 Bachus,3,7,27805,127,2025-12-14,2026-12-12
2025-10-18_57108-9,57108 Stoczniowiec,3,7,27805,127,2025-12-14,2026-12-12
2025-10-18_57112-3,57112 Drwęca,3,7,30601,127,2025-12-14,2026-12-12
2025-10-18_37000-1,58 Galicja,3,7,25809,127,2025-12-14,2026-12-12
2025-10-18_58100-1_0,58100 Albatros,3,7,273,127,2025-12-14,2026-12-12
2025-10-18_58103-2_0,58102 Żuławy,3,7,273,127,2025-12-14,2026-12-12
2025-10-18_58105-4_0,58104 Bryza,3,7,273,127,2025-12-14,2026-12-12
2025-10-18_58107-6_0,58106 Gryf,3,7,273,127,2025-12-14,2026-12-12
2025-10-18_58109-8_0,58108 Stańczyk,3,7,273,127,2025-12-14,2026-12-12
2025-10-18_58110-1,58110 Bory Tucholskie,3,6,13003,127,2025-12-14,2026-12-12
2025-10-18_73000-1,59 Galicja,3,7,84400,127,2025-12-14,2026-12-12
2025-10-18_60101,60101 Heweliusz,3,7,55806,127,2025-12-14,2026-12-12
2025-10-18_6100-1,6100 Panorama,3,8,38653,127,2025-12-14,2026-12-12
2025-10-18_6102-3,6102 Ślęża,3,8,38653,127,2025-12-14,2026-12-12
2025-10-18_61102-3,61102 Konopnicka,3,7,38653,127,2025-12-14,2026-12-12
2025-10-18_61105-4,61104 Nałkowska,3,7,24000,127,2025-12-14,2026-12-12
2025-10-18_61107-6,61106 Dąbrowska,3,7,24000,127,2025-12-14,2026-12-12
2025-10-19_61109-8,61108 Porazińska,3,7,38653,127,2025-12-14,2026-12-12
2025-10-18_6113-2,6112 Lech,3,8,38653,127,2025-12-14,2026-12-12
2025-10-18_62102-3,62102 Łempicka,3,7,50500,127,2025-12-14,2026-12-12
2025-10-18_62104-5,62104 Stryjeńska,3,7,50500,127,2025-12-14,2026-12-12
2025-10-19_6220,6220 Łysica,3,7,63552,127,2025-12-14,2026-12-12
2025-10-18_6300-1,6300 Wyspiański,3,7,84400,127,2025-12-14,2026-12-12
2025-10-18_63100-1,63100 Siemiradzki,3,7,84400,127,2025-12-14,2026-12-12
2025-10-18_63172-3,63172 Rozewie,3,7,84400,127,2025-12-14,2026-12-12
2025-10-18_6501-0,6500 Lednica,3,7,5900,127,2025-12-14,2026-12-12
2025-10-18_6503-2,6502 Mamry,3,7,9209,127,2025-12-14,2026-12-12
2025-10-18_6505-4,6504 Mieszko,3,7,5900,127,2025-12-14,2026-12-12
2025-10-18_1302-3,1302,3,9,80416,127,2025-12-14,2026-12-12
2025-10-18_1304-5,1304,3,9,80416,127,2025-12-14,2026-12-12
2025-10-18_1306-7,1306,3,9,80416,127,2025-12-14,2026-12-12
2025-10-18_1310-1,1310,3,9,80416,127,2025-12-14,2026-12-12
2025-10-18_1312-3,1312,3,9,80416,127,2025-12-14,2026-12-12
2025-10-26_22007,19,3,6,50906,127,2025-12-14,2026-12-12
2025-10-26_22012,20,3,6,179193,127,2025-12-14,2026-12-12
2025-10-18_22001,23,3,6,50906,127,2025-12-14,2026-12-12
2025-10-26_22011,119,3,6,50906,127,2025-12-14,2026-12-12
2025-10-18_33022,705,3,7,84400,127,2025-12-14,2026-12-12
2025-10-18_33037,706,3,7,179301,127,2025-12-14,2026-12-12
2025-10-18_33034,715,3,7,84400,127,2025-12-14,2026-12-12
2025-10-18_33041,716,3,7,179301,127,2025-12-14,2026-12-12
2025-10-18_1350-1,1351,3,9,79020,127,2025-12-14,2026-12-12
2025-10-18_1400-1,1401,3,9,76109,127,2025-12-14,2026-12-12
2025-10-18_65100-1,65100 Pomorzanin,3,7,5900,127,2025-12-14,2026-12-12
2025-10-18_65103-2,65102 Niegocin,3,7,9209,127,2025-12-14,2026-12-12
2025-10-18_6521-0,6520 Słowacki,3,7,12609,127,2025-12-14,2026-12-12
2025-10-18_66100,66100 Heweliusz,3,7,60103,127,2025-12-14,2026-12-12
2025-10-18_67105-4,67104 Mehoffer,3,7,27805,127,2025-12-14,2026-12-12
2025-10-18_68101,68101 Bosman,3,7,4101,127,2025-12-14,2026-12-12
2025-10-18_68103-2,68102 Swarożyc,3,7,273,127,2025-12-14,2026-12-12
2025-10-18_6851-0,6850 Merkury,3,7,273,127,2025-12-14,2026-12-12
2025-10-18_75102-3,75102 Ukiel,3,7,9209,127,2025-12-14,2026-12-12
2025-10-18_75105-4,75104 Bachus,3,7,5900,127,2025-12-14,2026-12-12
2025-10-18_75109-8,75108 Stoczniowiec,3,7,5900,127,2025-12-14,2026-12-12
2025-10-18_75112-3,75112 Drwęca,3,7,9209,127,2025-12-14,2026-12-12
2025-10-18_76107-6,76106 Mehoffer,3,7,60103,127,2025-12-14,2026-12-12
2025-10-18_22020,765 Wisłok,3,6,50500,127,2025-12-14,2026-12-12
2025-10-18_77109-8,77108 Podlasiak,3,7,30601,127,2025-12-14,2026-12-12
2025-10-18_78101,78101 Lubuszanin,3,7,13904,127,2025-12-14,2026-12-12
2025-10-18_78103,78103 Strzelecki,3,7,13904,127,2025-12-14,2026-12-12
2025-10-18_78173-2,78172 Przemyślanin,3,7,4952,127,2025-12-14,2026-12-12
2025-10-18_80102,80102 Zamoyski,3,7,14407,127,2025-12-14,2026-12-12
2025-10-18_8101-0,8100 Chrobry,3,8,38653,127,2025-12-14,2026-12-12
2025-10-18_8105-4,8104 Bolesław Prus,3,8,38653,127,2025-12-14,2026-12-12
2025-10-18_8107-6,8106 Gałczyński,3,7,38653,127,2025-12-14,2026-12-12
2025-10-18_8109-8,8108 Podlasiak,3,7,12807,127,2025-12-14,2026-12-12
2025-10-18_8111-0,8110 Mewa,3,7,38653,127,2025-12-14,2026-12-12
2025-10-18_81100-1,81100 Staszic,3,7,38653,127,2025-12-14,2026-12-12
2025-10-18_81105-4_0,81104 Rybak,3,7,24000,127,2025-12-14,2026-12-12
2025-10-18_81114-5_0,81114 Pobrzeże,3,7,46458,127,2025-12-14,2026-12-12
2025-10-19_81150-1,81150 Słupia,3,7,46706,127,2025-12-14,2026-12-12
2025-10-18_81170-1,81170 Uznam,3,7,38653,127,2025-12-14,2026-12-12
2025-10-18_8121-0,8120 Włókniarz,3,7,46458,127,2025-12-14,2026-12-12
2025-10-18_8306-7,8306 Zefir,3,7,84400,127,2025-12-14,2026-12-12
2025-10-20_8309-8,8308 Wyczółkowski,3,7,84400,127,2025-12-14,2026-12-12
2025-10-18_83100-1,83100 Górski,3,7,82669,127,2025-12-14,2026-12-12
2025-10-18_83102-3,83102 Zamoyski,3,7,82669,127,2025-12-14,2026-12-12
2025-10-18_83104-5,83104 Noteć,3,7,82669,127,2025-12-14,2026-12-12
2025-10-18_83107-6,83107 Osterwa,3,6,79020,127,2025-12-14,2026-12-12
2025-10-18_83108-9_0,83108 Lubomirski,3,6,79020,127,2025-12-14,2026-12-12
2025-10-18_8312-3,8312 Szkuner,3,7,84400,127,2025-12-14,2026-12-12
2025-10-18_87102,87102 Strzelecki,3,7,26104,127,2025-12-14,2026-12-12
2025-10-18_87172-3,87172 Przemyślanin,3,7,30601,127,2025-12-14,2026-12-12
2025-10-18_1500-1,1500,3,9,5900,127,2025-12-14,2026-12-12
2025-10-18_1502-3,1503,3,8,5900,127,2025-12-14,2026-12-12
2025-10-24_1506-7,1506,3,8,5900,127,2025-12-14,2026-12-12
2025-10-18_1604-5,1604,3,9,60103,127,2025-12-14,2026-12-12
2025-10-18_1800-1,1800,3,9,273,127,2025-12-14,2026-12-12
2025-10-18_3100-1,3100,3,9,38653,127,2025-12-14,2026-12-12
2025-10-18_3102-3,3103,3,8,38653,127,2025-12-14,2026-12-12
2025-10-18_3106-7,3106,3,9,38653,127,2025-12-14,2026-12-12
2025-10-18_3108-9,3108,3,9,38653,127,2025-12-14,2026-12-12
2025-10-18_13106-7,13106 San,3,7,84400,127,2025-12-14,2026-12-12
2025-10-18_13108-9,13108 Wisłok,3,7,82669,127,2025-12-14,2026-12-12
2025-10-19_1350-1,1350 Tatry,3,8,79020,127,2025-12-14,2026-12-12
2025-10-20_1410-1,1410 Ondraszek,3,8,76109,127,2025-12-14,2026-12-12
2025-10-18_83170-1_0,83171 Ustronie,3,7,80416,127,2025-12-14,2026-12-12
2025-10-18_8321-0,8320 Barbakan,3,7,80416,127,2025-12-14,2026-12-12
2025-10-18_8323-2,8323 Sukiennice,3,7,80416,127,2025-12-14,2026-12-12
2025-10-18_44000,100 Moravia,3,7,73312,127,2025-12-14,2026-12-12
2025-10-18_24105,24105 Sztygar,3,7,73312,127,2025-12-14,2026-12-12
2025-10-18_54102-3,54102 Flisak,3,6,73312,127,2025-12-14,2026-12-12
2025-10-18_5422-3,5422 Doker,3,7,73312,127,2025-12-14,2026-12-12
2025-10-18_1424-5,1424 Chemik,3,7,73312,127,2025-12-14,2026-12-12
2025-10-18_24103,24103 Morcinek,3,7,73312,127,2025-12-14,2026-12-12
2025-10-18_74100,74100 Spodek,3,6,73312,127,2025-12-14,2026-12-12
2025-10-18_84100-1,84100 Gwarek,3,7,73312,127,2025-12-14,2026-12-12
2025-10-18_3112-3,3112,3,9,38653,127,2025-12-14,2026-12-12
2025-10-18_3150-1,3151,3,9,38653,127,2025-12-14,2026-12-12
2025-10-18_3351,3351,3,9,79020,127,2025-12-14,2026-12-12
2025-10-18_3500-1,3500,3,9,5900,127,2025-12-14,2026-12-12
2025-10-18_3502-3,3502,3,9,5900,127,2025-12-14,2026-12-12
2025-10-18_3504-5,3504,3,9,5900,127,2025-12-14,2026-12-12
2025-10-18_14100-1,14100 Górnik,3,7,69708,127,2025-12-14,2026-12-12
2025-10-18_1420-1,1420 Daszyński,3,7,76109,127,2025-12-14,2026-12-12
2025-10-18_1422-3,1422 Korfanty,3,7,76109,127,2025-12-14,2026-12-12
2025-10-18_1428-9,1428 Pilecki,3,7,76604,127,2025-12-14,2026-12-12
2025-10-18_24101,24101 Jagiełło,3,7,69708,127,2025-12-14,2026-12-12
2025-10-18_17002-3,246 Berlin-Warszawa-Express,3,8,25809,127,2025-12-14,2026-12-12
2025-10-18_71002-3,247 Berlin-Warszawa-Express,3,8,38653,127,2025-12-14,2026-12-12
2025-10-18_17000-1,248 Berlin-Warszawa-Express,3,8,25809,127,2025-12-14,2026-12-12
2025-10-19_71000-1,249 Berlin-Warszawa-Express,3,8,38653,127,2025-12-14,2026-12-12
2025-10-18_25100-1,25100 Kujawiak,3,7,18408,127,2025-12-14,2026-12-12
2025-10-19_25103-2,25102 Inka,3,7,18408,127,2025-12-14,2026-12-12
2025-10-18_2520-1,2520 Kopernik,3,7,18408,127,2025-12-14,2026-12-12
2025-10-18_2522-3,2522 Rejewski,3,7,18408,127,2025-12-14,2026-12-12
2025-10-18_2524-5,2524 Kochanowski,3,7,18408,127,2025-12-14,2026-12-12
2025-10-18_65000-1,260 Baltic Express,3,7,5900,127,2025-12-14,2026-12-12
2025-10-18_56000-1,261 Baltic Express,3,7,179228,127,2025-12-14,2026-12-12
2025-10-18_37100-1,37100 Miechowita,3,6,30601,127,2025-12-14,2026-12-12
2025-10-18_37102-3,37102 Ślązak,3,7,30601,127,2025-12-14,2026-12-12
2025-10-18_37104-5,37104 Mehoffer,3,7,27805,127,2025-12-14,2026-12-12
2025-10-18_37106-7,37106 Fałat,3,7,30601,127,2025-12-14,2026-12-12
2025-10-18_53170-1,53171 Karpaty,3,6,79020,127,2025-12-14,2026-12-12
2025-10-18_5340-1,5340 Morskie Oko,3,8,79020,127,2025-12-14,2026-12-12
2025-10-18_5360-1,5360 Witkacy,3,7,79020,127,2025-12-14,2026-12-12
2025-10-18_37004-5,54 Odra,3,7,25809,127,2025-12-14,2026-12-12
2025-10-18_54100-1_0,54100 Heweliusz,3,7,76109,127,2025-12-14,2026-12-12
2025-10-18_54104-5,54104 Artus,3,7,76109,127,2025-12-14,2026-12-12
2025-10-18_5420-1,5420 Hutnik,3,7,76109,127,2025-12-14,2026-12-12
2025-10-18_5424-5,5424 Skarbek,3,7,68700,127,2025-12-14,2026-12-12
2025-11-08_5424-5,5425 Skarbek,3,7,68700,127,2025-12-14,2026-12-12
2025-10-19_5450-1,5450 Wysocki,3,8,76109,127,2025-12-14,2026-12-12
2025-10-18_37002-3,56 Wawel,3,7,25809,127,2025-12-14,2026-12-12
2025-10-18_70109-8,70108 Podlasiak,3,7,27805,127,2025-12-14,2026-12-12
2025-10-18_7103-2,7102 Strzelecki,3,7,38653,127,2025-12-14,2026-12-12
2025-10-18_71101-0,71100 Lubuszanin,3,7,38653,127,2025-12-14,2026-12-12
2025-10-18_71103-2,71102 Zielonogórzanin,3,7,38653,127,2025-12-14,2026-12-12
2025-10-18_3506-7,3506,3,9,5900,127,2025-12-14,2026-12-12
2025-10-18_3508-9,3508,3,9,5900,127,2025-12-14,2026-12-12
2025-10-18_3510-1,3510,3,9,5900,127,2025-12-14,2026-12-12
2025-10-18_3550-1,3550,3,9,5900,127,2025-12-14,2026-12-12
2025-10-18_4500-1,4500,3,9,5900,127,2025-12-14,2026-12-12
2025-10-18_4502-3,4502,3,9,5900,127,2025-12-14,2026-12-12
2025-10-18_4504-5,4505,3,9,5900,127,2025-12-14,2026-12-12
2025-10-18_4506-7,4506,3,9,5900,127,2025-12-14,2026-12-12
2025-10-18_1460-1,1460 Beskidy,3,7,76992,96,2025-12-14,2026-12-12
2025-10-18_4508-9,4508,3,9,5900,127,2025-12-14,2026-12-12
2025-10-18_5100-1,5100,3,9,33506,127,2025-12-14,2026-12-12
2025-10-18_1523-2,1522 Mazury,3,7,9209,127,2025-12-14,2026-12-12
2025-10-18_1524-5,1524 Moniuszko,3,7,18408,127,2025-12-14,2026-12-12
2025-10-18_1529-8,1528 Kociewie,3,7,5900,127,2025-12-14,2026-12-12
2025-10-18_1600-1,1600 Panorama,3,8,60103,127,2025-12-14,2026-12-12
2025-10-18_1602-3,1602 Ślęża,3,8,60103,127,2025-12-14,2026-12-12
2025-10-18_16102-3,16102 Konopnicka,3,7,60103,127,2025-12-14,2026-12-12
2025-10-18_16104-5,16104 Nałkowska,3,7,60103,127,2025-12-14,2026-12-12
2025-10-18_16106-7,16106 Dąbrowska,3,7,60103,127,2025-12-14,2026-12-12
2025-10-20_16110-1,16110 Śnieżka,3,7,60103,96,2025-12-14,2026-12-12
2025-10-18_16150-1,16150 Śnieżka,3,7,56184,96,2025-12-14,2026-12-12
2025-10-18_16108-9,16108 Porazińska,3,7,60103,127,2025-12-14,2026-12-12
2025-10-18_1612-3,1612 Lech,3,8,60103,127,2025-12-14,2026-12-12
2025-10-18_31104-5,31104 Witos,3,7,38653,127,2025-12-14,2026-12-12
2025-10-18_31106-7,31106 San,3,7,38653,127,2025-12-14,2026-12-12
2025-10-18_31109-8,31108 Wisłok,3,7,33506,127,2025-12-14,2026-12-12
2025-10-18_3120-1,3120 Karłowicz,3,7,38653,127,2025-12-14,2026-12-12
2025-10-20_3122-3,3122 Kinga,3,7,38653,127,2025-12-14,2026-12-12
2025-10-18_3124-5,3124 Łokietek,3,7,38653,127,2025-12-14,2026-12-12
2025-10-18_3128-9,3128 Reymont,3,7,46458,127,2025-12-14,2026-12-12
2025-10-19_3150-1,3150 Tatry,3,8,38653,127,2025-12-14,2026-12-12
2025-10-18_32100-1,32100 Jagiełło,3,7,50500,127,2025-12-14,2026-12-12
2025-10-18_32102-3,32102 Morcinek,3,7,50500,127,2025-12-14,2026-12-12
2025-10-18_32104-5,32104 Sztygar,3,7,50500,127,2025-12-14,2026-12-12
2025-10-18_32106-7,32106 Jadwiga,3,7,50500,127,2025-12-14,2026-12-12
2025-11-08_34208-9,34208 Pielgrzymka 5,3,6,62653,64,2025-12-14,2026-12-12
2025-11-09_41238-9,41238 Pielgrzymka 1,3,6,40998,64,2025-12-14,2026-12-12
2025-10-18_60151,60151 Śnieżka,3,7,57554,96,2025-12-14,2026-12-12
2025-10-20_61110-1,61110 Śnieżka,3,7,38653,96,2025-12-14,2026-12-12
2025-10-18_61150-1,61150 Śnieżka,3,7,38653,96,2025-12-14,2026-12-12
2025-10-18_4160-1,4160 Beskidy,3,7,38653,96,2025-12-14,2026-12-12
2025-10-18_4128-9,4128 Pilecki,3,7,38653,127,2025-12-14,2026-12-12
2025-10-18_42100,42100 Jagiełło,3,7,63552,127,2025-12-14,2026-12-12
2025-10-18_42102,42102 Morcinek,3,7,63552,127,2025-12-14,2026-12-12
2025-10-18_42104,42104 Sztygar,3,7,63552,127,2025-12-14,2026-12-12
2025-10-18_43101-0,43100 Łukasiewicz,3,7,84400,127,2025-12-14,2026-12-12
2025-11-09_41240-1,41240 Pielgrzymka 2,3,7,24000,64,2025-12-14,2026-12-12
2025-11-09_42201-0,42200 Pielgrzymka 3,3,6,50500,64,2025-12-14,2026-12-12
2025-11-09_45202-3,45202 Pielgrzymka 4,3,6,5900,64,2025-12-14,2026-12-12
2025-11-09_48201-0,48200 Pielgrzymka 6,3,6,4705,64,2025-12-14,2026-12-12
2025-10-18_61152-3,61152 Orzeszkowa,3,7,38653,127,2025-12-14,2026-12-12
2025-10-18_61190-1,61190 Karkonosze,3,7,38653,127,2025-12-14,2026-12-12
2025-10-18_6121-0,6120 Asnyk,3,7,38653,127,2025-12-14,2026-12-12
2025-10-18_6123-2,6122 Baczyński,3,7,38653,127,2025-12-14,2026-12-12
2025-10-18_6125-4,6124 Krasiński,3,7,24000,127,2025-12-14,2026-12-12
2025-10-18_6127-6,6126 Leśmian,3,7,24000,127,2025-12-14,2026-12-12
2025-10-18_6129-8,6128 Mickiewicz,3,7,24000,127,2025-12-14,2026-12-12
2025-10-18_6130-1,6130 Fredro,3,7,38653,127,2025-12-14,2026-12-12
2025-10-18_6132-3,6132 Łużyce,3,7,38653,127,2025-12-14,2026-12-12
2025-10-18_6134-5,6134 Oleńka,3,7,38653,127,2025-12-14,2026-12-12
2025-10-18_62100-1,62100 Bolko,3,7,50500,127,2025-12-14,2026-12-12
2025-10-18_66150,66150 Śnieżka,3,7,60103,96,2025-12-14,2026-12-12
2025-10-18_83155-4,83154 Ślązak,3,7,84400,127,2025-12-14,2026-12-12
2025-10-18_83172-3,83172 Przemyślanin,3,7,84400,127,2025-12-14,2026-12-12
2025-10-19_8355-4,8354 Matejko,3,7,84400,127,2025-12-14,2026-12-12
2025-10-18_8358-9,8358 Wyczółkowski,3,7,84400,127,2025-12-14,2026-12-12
2025-11-08_84201-0,84200 Pielgrzymka 6,3,6,62802,64,2025-12-14,2026-12-12
2025-11-08_84203-2,84202 Pielgrzymka 7,3,6,62802,64,2025-12-14,2026-12-12
2025-10-18_85101-0_0,85100 Albatros,3,7,7500,127,2025-12-14,2026-12-12
2025-10-18_85103-2_0,85102 Żuławy,3,7,9209,127,2025-12-14,2026-12-12
2025-11-08_14236-7,14236 Pielgrzymka 1,3,6,62653,64,2025-12-14,2026-12-12
2025-11-08_14238-9,14238 Pielgrzymka 2,3,6,62802,64,2025-12-14,2026-12-12
2025-10-18_85105-4_0,85104 Bryza,3,7,9209,127,2025-12-14,2026-12-12
2025-10-18_85107-6_0,85106 Gryf,3,7,9209,127,2025-12-14,2026-12-12
2025-10-18_85109-8_0,85108 Stańczyk,3,7,9209,127,2025-12-14,2026-12-12
2025-10-18_85110-1,85110 Bory Tucholskie,3,6,5900,127,2025-12-14,2026-12-12
2025-10-18_86100,86100 Bosman,3,7,60103,127,2025-12-14,2026-12-12
2025-10-18_86103-2,86102 Swarożyc,3,7,60103,127,2025-12-14,2026-12-12
2025-10-18_8651-0,8650 Merkury,3,7,60103,127,2025-12-14,2026-12-12
2025-10-18_87100,87100 Lubuszanin,3,7,26104,127,2025-12-14,2026-12-12
2025-11-08_24200-1,24200 Pielgrzymka 3,3,6,62653,64,2025-12-14,2026-12-12
2025-11-08_54200-1,54200 Pielgrzymka 4,3,6,62653,64,2025-12-14,2026-12-12
2025-10-19_7203-2,7202 Strzelecki,3,7,50500,127,2025-12-14,2026-12-12
2025-10-18_72100-1,72100 Warta,3,7,50500,127,2025-12-14,2026-12-12
2025-10-18_7220-1,7220 Koziołek,3,7,50500,127,2025-12-14,2026-12-12
2025-10-19_73102-3,73102 Ślązak,3,7,84400,127,2025-12-14,2026-12-12
2025-10-18_73104-5,73104 Mehoffer,3,7,84400,127,2025-12-14,2026-12-12
2025-10-18_73106-7,73106 Fałat,3,7,84400,127,2025-12-14,2026-12-12
2025-10-18_73150-1,73150 Halny,3,7,79020,127,2025-12-14,2026-12-12
2025-10-18_7500-1,7500 Bałtyk,3,7,5900,127,2025-12-14,2026-12-12
2025-10-18_7510-1,7510 Pojezierze,3,7,9209,127,2025-12-14,2026-12-12
2025-10-18_75100-1,75100 Jeziorak,3,7,9209,127,2025-12-14,2026-12-12
2025-10-18_88103,88103 Zamoyski,3,7,13904,127,2025-12-14,2026-12-12
2025-10-18_9101-0,9100 Tuwim,3,7,38653,127,2025-12-14,2026-12-12
2025-10-18_9103-2,9102 Jagna,3,7,38653,127,2025-12-14,2026-12-12
2025-10-18_91131-0,91130 Zosia,3,7,38653,127,2025-12-14,2026-12-12
2025-10-20_91133-2,91132 Korczak,3,7,38653,127,2025-12-14,2026-12-12
2025-11-08_9901,9901 Mickiewicz,3,7,24000,127,2025-12-14,2026-12-12
2025-11-08_9902,9902 Mickiewicz,3,7,38653,127,2025-12-14,2026-12-12
2025-10-18_73100-1,73100 Miechowita,3,6,80416,127,2025-12-14,2026-12-12
2025-10-18_7320-1,7320 Cegielski,3,7,80416,127,2025-12-14,2026-12-12
